SteamId,Username,Time
76561199217544926,dirtyboy58,69.44764
76561199060323532,deathcount610,72.6001
76561198123116932,nate69cam,72.73431
76561198260195102,noodlemandan,76.27092
76561198823854710,Alaskaman79,76.32246
76561198031672906,Morkomies,78.67698
