SteamId,Username,Time
76561199217544926,dirtyboy58,52.11468
76561197972480611,Ranged Albatros,52.17608
76561198448256191,Brittany Spears,52.97096
76561198147127383,Sutil,53.98037
76561198304058792,Beastvick13,54.13353
76561198260195102,noodlemandan,54.86795
76561198031672906,Morkomies,64.51534
