SteamId,Username,Time
76561199173536675,[CTR]OwlPlague,65.80182
76561198155015234,VirusCookies,68.41498
76561198847576929,Lightning,68.61278
76561198021974488,[CTR] NathWalt,70.06881
76561198037649622,Hairybroness,73.32505
76561199242599801,hawk,74.68795
76561197965640463,l3it3r,75.48959
76561199002720572,vortex,90.67728
