SteamId,Username,Time
76561199031124115,moins3n,93.99557
76561199150867826,Jackson,95.12276
76561198081686672,Not That Guy,95.83017
76561198147127383,Sutil,96.2729
76561199217544926,dirtyboy58,96.51949
76561198448256191,Brittany Spears,96.93017
76561197972480611,Ranged Albatros,97.42114
