SteamId,Username,Time
76561198847576929,Lightning,84.6986
76561198155015234,VirusCookies,84.8942
76561199173536675,[CTR]OwlPlague,89.67001
76561198021974488,[CTR] NathWalt,92.19765
