SteamId,Username,Time
76561199217544926,dirtyboy58,56.28373
76561198123116932,nate69cam,61.76188
