SteamId,Username,Time
76561198155015234,VirusCookies,49.11071
76561198021974488,[CTR] NathWalt,49.23921
76561198847576929,Lightning,49.77775
76561199173536675,[CTR]OwlPlague,50.43026
76561199043210759,[BL2K]Nicolas_Gamer5476,50.61055
76561197965640463,l3it3r,51.44707
76561198081686672,Not That Guy,54.41596
76561199242599801,hawk,54.61301
76561199385430497,Slope_Oak,56.91036
76561198037649622,Hairybroness,57.18369
76561198254359106,acew25,61.23753
