SteamId,Username,Time
76561199031124115,moins3n,53.04311
76561197972480611,Ranged Albatros,53.46321
76561198448256191,Brittany Spears,53.47237
76561198872947783,Mauznemo,54.11541
76561199150867826,Jackson,54.80888
76561199217544926,dirtyboy58,54.88537
76561198031672906,Morkomies,66.42381
