SteamId,Username,Time
76561198147127383,Sutil,61.31934
76561198260195102,noodlemandan,62.99307
76561199217544926,dirtyboy58,68.74271
