SteamId,Username,Time
76561198847576929,Lightning,38.81102
76561198155015234,VirusCookies,39.28241
76561198021974488,[CTR] NathWalt,39.34824
76561199043210759,[BL2K]Nicolas_Gamer5476,39.87572
76561199173536675,[CTR]OwlPlague,40.59251
76561199242599801,hawk,41.85694
76561197965640463,l3it3r,44.144
76561198037649622,Hairybroness,45.32087
76561199385430497,Slope_Oak,66.7606
