SteamId,Username,Time
76561199217544926,dirtyboy58,48.5279
76561198872947783,Mauznemo,49.18127
76561198448256191,Brittany Spears,49.961
76561198031672906,Morkomies,53.96164
76561198049832539,NotFishyy_,54.05581
76561197972480611,Ranged Albatros,55.40582
76561198987767055,ThatOneCat,58.91433
76561198877569695,Gullylan,60.40743
