SteamId,Username,Time
76561197972480611,Ranged Albatros,41.26223
76561199031124115,moins3n,43.38744
76561198872947783,Mauznemo,43.47335
76561199217544926,dirtyboy58,43.68346
76561198877569695,Gullylan,47.83181
76561198448256191,Brittany Spears,50.3363
76561198987767055,ThatOneCat,52.25838
76561198031672906,Morkomies,56.02126
76561198049832539,NotFishyy_,63.9467
