SteamId,Username,Time
76561199031124115,moins3n,85.67838
76561199217544926,dirtyboy58,96.93766
