SteamId,Username,Time
76561198155015234,VirusCookies,69.38749
76561199173536675,[CTR]OwlPlague,69.3977
76561199043210759,[BL2K]Nicolas_Gamer5476,69.47057
76561198104372256,Jakie Cash,69.51176
76561198847576929,Lightning,69.54689
76561199242599801,hawk,70.4631
76561198021974488,[CTR] NathWalt,70.84605
76561199177251414,Overlordnoskcaj,71.77113
76561198027169155,DeiRex,72.4307
76561197965640463,l3it3r,82.69096
76561199385430497,Slope_Oak,83.56544
