SteamId,Username,Time
76561198448256191,Brittany Spears,82.69099
76561199056982478,zackspigelman,83.59804
76561199217544926,dirtyboy58,84.17146
76561198872947783,Mauznemo,86.62427
76561197972480611,Ranged Albatros,86.72425
76561199031124115,moins3n,87.35801
76561199150867826,Jackson,90.75539
76561198031672906,Morkomies,92.10493
