SteamId,Username,Time
76561197972480611,Ranged Albatros,70.05105
76561198448256191,Brittany Spears,71.86127
76561198049832539,NotFishyy_,76.68578
76561198987767055,ThatOneCat,108.3573
