SteamId,Username,Time
76561199031124115,moins3n,77.19591
76561198081686672,Not That Guy,77.30299
76561199217544926,dirtyboy58,78.45763
76561198448256191,Brittany Spears,79.11307
76561197972480611,Ranged Albatros,79.3988
76561198147127383,Sutil,79.90046
76561199056982478,zackspigelman,82.04625
76561199150867826,Jackson,82.08289
76561198031672906,Morkomies,96.19691
