SteamId,Username,Time
76561199217544926,dirtyboy58,70.56015
76561198448256191,Brittany Spears,70.86063
76561198031672906,Morkomies,84.12759
