SteamId,Username,Time
76561198847576929,Lightning,65.77011
76561198155015234,VirusCookies,65.93399
76561199173536675,[CTR]OwlPlague,67.30753
76561198021974488,[CTR] NathWalt,67.32909
76561197965640463,l3it3r,69.72578
76561198027169155,DeiRex,74.61668
76561198870312435,NATHAN,90.82415
