SteamId,Username,Time
76561198021974488,[CTR] NathWalt,90.91549
76561199173536675,[CTR]OwlPlague,93.12782
76561198155015234,VirusCookies,94.90879
76561198847576929,Lightning,95.41945
76561199043210759,[BL2K]Nicolas_Gamer5476,95.4332
76561198037649622,Hairybroness,96.35953
76561198849196913,Lofoten_81,99.52225
76561199385430497,Slope_Oak,99.60944
76561199242599801,hawk,99.70129
76561197965640463,l3it3r,100.9815
