SteamId,Username,Time
76561199031124115,moins3n,80.43188
76561198872947783,Mauznemo,83.18155
76561199217544926,dirtyboy58,83.78338
76561198448256191,Brittany Spears,83.90146
76561197972480611,Ranged Albatros,89.04771
