SteamId,Username,Time
76561199173536675,[CTR]OwlPlague,55.12178
76561198847576929,Lightning,55.35302
76561198155015234,VirusCookies,56.27866
76561198021974488,[CTR] NathWalt,57.90273
76561197965640463,l3it3r,62.21734
76561198037649622,Hairybroness,62.38926
76561199242599801,hawk,75.21205
