SteamId,Username,Time
76561198155015234,VirusCookies,62.04195
76561197965640463,l3it3r,63.92021
76561198847576929,Lightning,64.56812
76561198037649622,Hairybroness,65.27636
76561198021974488,[CTR] NathWalt,66.67818
76561198870312435,NATHAN,73.93423
