SteamId,Username,Time
76561198021974488,[CTR] NathWalt,55.14964
76561199173536675,[CTR]OwlPlague,55.49603
76561197979087520,Mokster,63.27439
76561198870312435,NATHAN,66.45248
76561199002720572,vortex,67.7495
