SteamId,Username,Time
76561199217544926,dirtyboy58,70.84484
76561198444861517,test,72.08054
76561198260195102,noodlemandan,74.81404
76561198031672906,Morkomies,84.48717
