SteamId,Username,Time
76561198081356099,[CTR] Sandals,50.83675
76561198161379363,cbad cruiser,51.24955
76561199173536675,[CTR]OwlPlague,52.3008
76561198021974488,[CTR] NathWalt,53.00796
76561198404874313,Moiso,53.40793
76561198858890235,Jaz1127,60.93251
76561199237593375,LokiOfAsunder,67.73201
