SteamId,Username,Time
76561198404874313,Moiso,45.78917
76561198081356099,[CTR] Sandals,45.79201
76561198021974488,[CTR] NathWalt,45.80038
76561198161379363,cbad cruiser,45.90774
76561199173536675,[CTR]OwlPlague,46.04013
76561197965640463,L3it3R,46.38302
76561198059628222,[CTR]zedShep,46.93194
76561199237593375,LokiOfAsunder,47.03344
76561198114603502,sander,47.87688
