SteamId,Username,Time
76561198161379363,cbad cruiser,41.6047
76561198081356099,[CTR] Sandals,42.04299
76561199173536675,[CTR]OwlPlague,42.26365
76561198021974488,[CTR] NathWalt,42.29889
76561198404874313,Moiso,42.51652
76561197965640463,L3it3R,43.00186
76561199237593375,LokiOfAsunder,44.85077
76561198059628222,[CTR]zedShep,45.3928
76561198803005218,PontanVIK,47.40283
76561198056011070,lavnos,47.75043
