SteamId,Username,Time
76561198404874313,Moiso,28.29851
76561198021974488,[CTR] NathWalt,28.99336
76561199173536675,[CTR]OwlPlague,29.72905
76561198161379363,cbad cruiser,29.88031
76561198081356099,[CTR] Sandals,32.41832
76561197965640463,L3it3R,33.48404
76561198309904010,MRschmeckles,40.69923
76561198025436405,Nach0z,42.12346
76561199237593375,LokiOfAsunder,42.61987
76561198114603502,sander,42.63203
76561198059628222,[CTR]zedShep,43.22168
