SteamId,Username,Time
76561198081356099,[CTR] Sandals,40.19144
76561199173536675,[CTR]OwlPlague,42.90723
76561198147127383,Sutil,47.56412
76561197975920245,Es3en,47.58716
76561198304929551,Certified Bruh Moment™,47.89146
76561198858890235,Jaz1127,47.98314
76561198059628222,[CTR]zedShep,49.75912
76561199012578056,gbawad,49.9526
76561199237593375,LokiOfAsunder,50.13248
