SteamId,Username,Time
76561199173536675,[CTR]OwlPlague,69.7511
76561198081356099,[CTR] Sandals,70.59074
76561198404874313,Moiso,77.45774
76561198147127383,Sutil,79.32578
76561197975920245,Es3en,79.38907
76561198059628222,[CTR]zedShep,79.94113
76561198021974488,[CTR] NathWalt,80.10842
76561199237593375,LokiOfAsunder,88.104
