SteamId,Username,Time
76561198081356099,[CTR] Sandals,65.22631
76561198161379363,cbad cruiser,65.273
76561198404874313,Moiso,65.45295
76561198021974488,[CTR] NathWalt,65.49033
76561199173536675,[CTR]OwlPlague,66.7431
76561199237593375,LokiOfAsunder,68.80898
76561198078302726,Bobsen Duggnut,70.2713
76561197965640463,L3it3R,70.78316
76561198335633939,sander.zwanikken,77.95607
