SteamId,Username,Time
76561198021974488,[CTR] NathWalt,53.75535
76561198161379363,cbad cruiser,53.90882
76561198081356099,[CTR] Sandals,54.24886
76561198404874313,Moiso,54.94187
76561199173536675,[CTR]OwlPlague,55.06284
76561198059628222,[CTR]zedShep,55.65218
76561198858890235,Jaz1127,56.02261
76561199237593375,LokiOfAsunder,58.51054
