SteamId,Username,Time
76561198161379363,cbad cruiser,53.53034
76561198081356099,[CTR] Sandals,53.71793
76561198021974488,[CTR] NathWalt,53.74957
76561199173536675,[CTR]OwlPlague,54.1434
76561198404874313,Moiso,54.64868
76561198059628222,[CTR]zedShep,56.29715
76561197965640463,L3it3R,59.09837
76561199237593375,LokiOfAsunder,61.01142
