SteamId,Username,Time
76561198161379363,cbad cruiser,75.77147
76561198081356099,[CTR] Sandals,76.73912
76561198021974488,[CTR] NathWalt,77.87647
76561199173536675,[CTR]OwlPlague,80.18332
76561198147127383,Sutil,82.37406
76561198858890235,Jaz1127,85.84098
76561199237593375,LokiOfAsunder,90.33963
76561198059628222,[CTR]zedShep,91.99731
76561197965640463,L3it3R,94.37883
