SteamId,Username,Time
76561198081356099,[CTR] Sandals,44.16142
76561199173536675,[CTR]OwlPlague,44.32212
76561198404874313,Moiso,44.52933
76561198021974488,[CTR] NathWalt,44.74636
76561198059628222,[CTR]zedShep,45.02321
76561198161379363,cbad cruiser,45.65787
76561198803005218,PontanVIK,45.70801
76561197965640463,L3it3R,45.82457
76561198056011070,lavnos,49.59969
76561199237593375,LokiOfAsunder,49.9018
