SteamId,Username,Time
76561198081356099,[CTR] Sandals,48.67438
76561198021974488,[CTR] NathWalt,50.98235
76561199173536675,[CTR]OwlPlague,53.96548
76561199237593375,LokiOfAsunder,59.83247
76561198858890235,Jaz1127,63.01169
76561197965640463,L3it3R,64.72951
76561198304929551,Certified Bruh Moment™,64.96855
