SteamId,Username,Time
76561198161379363,cbad cruiser,77.22468
76561198081356099,[CTR] Sandals,77.24205
76561198404874313,Moiso,78.00283
76561199173536675,[CTR]OwlPlague,78.37659
76561198021974488,[CTR] NathWalt,79.23104
76561197975920245,Es3en,80.23392
76561198304929551,Certified Bruh Moment™,82.11205
76561198059628222,[CTR]zedShep,83.7055
76561199237593375,LokiOfAsunder,90.53552
