SteamId,Username,Time
76561198021974488,[CTR] NathWalt,41.2384
76561198161379363,cbad cruiser,41.24015
76561198404874313,Moiso,41.28028
76561198081356099,[CTR] Sandals,41.43604
76561199173536675,[CTR]OwlPlague,41.44301
76561197965640463,L3it3R,41.79176
76561198858890235,Jaz1127,43.14383
76561198147127383,Sutil,45.50196
76561199237593375,LokiOfAsunder,47.58445
